{
  "HTTP Request - GET /hammock/all" : {
    "transaction" : "HTTP Request - GET /hammock/all",
    "sampleCount" : 5000,
    "errorCount" : 0,
    "errorPct" : 0.0,
    "meanResTime" : 999.4084000000012,
    "medianResTime" : 972.0,
    "minResTime" : 89.0,
    "maxResTime" : 3776.0,
    "pct1ResTime" : 1561.0,
    "pct2ResTime" : 1796.8999999999996,
    "pct3ResTime" : 2506.9699999999993,
    "throughput" : 28.468616197503874,
    "receivedKBytesPerSec" : 26735.935647315837,
    "sentKBytesPerSec" : 3.530775641682609
  },
  "HTTP Request -DELETE /hammock/delete/3" : {
    "transaction" : "HTTP Request -DELETE /hammock/delete/3",
    "sampleCount" : 5000,
    "errorCount" : 5000,
    "errorPct" : 100.0,
    "meanResTime" : 3.153400000000001,
    "medianResTime" : 3.0,
    "minResTime" : 1.0,
    "maxResTime" : 61.0,
    "pct1ResTime" : 5.0,
    "pct2ResTime" : 6.0,
    "pct3ResTime" : 12.0,
    "throughput" : 28.498959787967742,
    "receivedKBytesPerSec" : 16.16465452135997,
    "sentKBytesPerSec" : 6.039330345692383
  },
  "HTTP Request - POST /hammock/update" : {
    "transaction" : "HTTP Request - POST /hammock/update",
    "sampleCount" : 5000,
    "errorCount" : 0,
    "errorPct" : 0.0,
    "meanResTime" : 719.9913999999997,
    "medianResTime" : 732.0,
    "minResTime" : 2.0,
    "maxResTime" : 3992.0,
    "pct1ResTime" : 1227.7000000000016,
    "pct2ResTime" : 1506.9499999999998,
    "pct3ResTime" : 2198.9399999999987,
    "throughput" : 28.49717308043042,
    "receivedKBytesPerSec" : 11.604805834511216,
    "sentKBytesPerSec" : 7.7365372230074785
  },
  "Total" : {
    "transaction" : "Total",
    "sampleCount" : 25000,
    "errorCount" : 5000,
    "errorPct" : 20.0,
    "meanResTime" : 651.7162399999978,
    "medianResTime" : 749.0,
    "minResTime" : 1.0,
    "maxResTime" : 4263.0,
    "pct1ResTime" : 1252.0,
    "pct2ResTime" : 1560.0,
    "pct3ResTime" : 2183.9900000000016,
    "throughput" : 142.33254575991347,
    "receivedKBytesPerSec" : 26785.15804027655,
    "sentKBytesPerSec" : 28.160716573201626
  },
  "HTTP Request - GET /hammock/find/1" : {
    "transaction" : "HTTP Request - GET /hammock/find/1",
    "sampleCount" : 5000,
    "errorCount" : 0,
    "errorPct" : 0.0,
    "meanResTime" : 789.7962000000001,
    "medianResTime" : 753.5,
    "minResTime" : 2.0,
    "maxResTime" : 3798.0,
    "pct1ResTime" : 1317.9000000000005,
    "pct2ResTime" : 1564.8999999999996,
    "pct3ResTime" : 2183.909999999998,
    "throughput" : 28.495548995246942,
    "receivedKBytesPerSec" : 11.771110571278765,
    "sentKBytesPerSec" : 3.6175989935372095
  },
  "HTTP Request - POST /hammock/add" : {
    "transaction" : "HTTP Request - POST /hammock/add",
    "sampleCount" : 5000,
    "errorCount" : 0,
    "errorPct" : 0.0,
    "meanResTime" : 746.2318000000001,
    "medianResTime" : 763.0,
    "minResTime" : 5.0,
    "maxResTime" : 4263.0,
    "pct1ResTime" : 1274.0,
    "pct2ResTime" : 1542.9499999999998,
    "pct3ResTime" : 2207.7499999999945,
    "throughput" : 28.495548995246942,
    "receivedKBytesPerSec" : 11.715455202147425,
    "sentKBytesPerSec" : 7.263025671640089
  }
}