{
  "HTTP Request - GET /hammock/all" : {
    "transaction" : "HTTP Request - GET /hammock/all",
    "sampleCount" : 5000,
    "errorCount" : 0,
    "errorPct" : 0.0,
    "meanResTime" : 780.3233999999997,
    "medianResTime" : 733.0,
    "minResTime" : 73.0,
    "maxResTime" : 5221.0,
    "pct1ResTime" : 1253.800000000001,
    "pct2ResTime" : 1464.9499999999998,
    "pct3ResTime" : 2082.959999999999,
    "throughput" : 36.3327205214472,
    "receivedKBytesPerSec" : 22252.64703028832,
    "sentKBytesPerSec" : 4.506108892796675
  },
  "HTTP Request -DELETE /hammock/delete/3" : {
    "transaction" : "HTTP Request -DELETE /hammock/delete/3",
    "sampleCount" : 5000,
    "errorCount" : 5000,
    "errorPct" : 100.0,
    "meanResTime" : 4.008600000000001,
    "medianResTime" : 3.0,
    "minResTime" : 1.0,
    "maxResTime" : 58.0,
    "pct1ResTime" : 6.0,
    "pct2ResTime" : 8.0,
    "pct3ResTime" : 18.0,
    "throughput" : 36.82373215890177,
    "receivedKBytesPerSec" : 20.85519262954589,
    "sentKBytesPerSec" : 7.803466678204769
  },
  "HTTP Request - POST /hammock/update" : {
    "transaction" : "HTTP Request - POST /hammock/update",
    "sampleCount" : 5000,
    "errorCount" : 0,
    "errorPct" : 0.0,
    "meanResTime" : 572.7171999999997,
    "medianResTime" : 575.0,
    "minResTime" : 3.0,
    "maxResTime" : 3605.0,
    "pct1ResTime" : 1065.9000000000005,
    "pct2ResTime" : 1281.0,
    "pct3ResTime" : 1910.9899999999998,
    "throughput" : 36.796903172628994,
    "receivedKBytesPerSec" : 14.984259549716295,
    "sentKBytesPerSec" : 9.989784259756698
  },
  "Total" : {
    "transaction" : "Total",
    "sampleCount" : 25000,
    "errorCount" : 5000,
    "errorPct" : 20.0,
    "meanResTime" : 517.2672400000002,
    "medianResTime" : 555.0,
    "minResTime" : 1.0,
    "maxResTime" : 5221.0,
    "pct1ResTime" : 1011.0,
    "pct2ResTime" : 1251.0,
    "pct3ResTime" : 1835.9900000000016,
    "throughput" : 181.64512355501304,
    "receivedKBytesPerSec" : 22315.673311926457,
    "sentKBytesPerSec" : 35.938771515864886
  },
  "HTTP Request - GET /hammock/find/1" : {
    "transaction" : "HTTP Request - GET /hammock/find/1",
    "sampleCount" : 5000,
    "errorCount" : 0,
    "errorPct" : 0.0,
    "meanResTime" : 629.3081999999984,
    "medianResTime" : 589.0,
    "minResTime" : 2.0,
    "maxResTime" : 4344.0,
    "pct1ResTime" : 1082.0,
    "pct2ResTime" : 1315.0,
    "pct3ResTime" : 1883.8799999999974,
    "throughput" : 36.64292205317621,
    "receivedKBytesPerSec" : 15.136260713474336,
    "sentKBytesPerSec" : 4.651933463782136
  },
  "HTTP Request - POST /hammock/add" : {
    "transaction" : "HTTP Request - POST /hammock/add",
    "sampleCount" : 5000,
    "errorCount" : 0,
    "errorPct" : 0.0,
    "meanResTime" : 599.9787999999991,
    "medianResTime" : 597.0,
    "minResTime" : 5.0,
    "maxResTime" : 3577.0,
    "pct1ResTime" : 1118.9000000000005,
    "pct2ResTime" : 1354.8999999999996,
    "pct3ResTime" : 1933.9799999999996,
    "throughput" : 36.69374665169562,
    "receivedKBytesPerSec" : 15.064237850241812,
    "sentKBytesPerSec" : 9.352605347746637
  }
}