{
  "HTTP Request - GET /hammock/all" : {
    "transaction" : "HTTP Request - GET /hammock/all",
    "sampleCount" : 5000,
    "errorCount" : 5000,
    "errorPct" : 100.0,
    "meanResTime" : 31.587200000000035,
    "medianResTime" : 23.0,
    "minResTime" : 1.0,
    "maxResTime" : 211.0,
    "pct1ResTime" : 66.0,
    "pct2ResTime" : 87.0,
    "pct3ResTime" : 132.0,
    "throughput" : 325.24556039810057,
    "receivedKBytesPerSec" : 328.8021078961491,
    "sentKBytesPerSec" : 40.3380724321863
  },
  "HTTP Request -DELETE /hammock/delete/3" : {
    "transaction" : "HTTP Request -DELETE /hammock/delete/3",
    "sampleCount" : 5000,
    "errorCount" : 5000,
    "errorPct" : 100.0,
    "meanResTime" : 31.992399999999847,
    "medianResTime" : 23.0,
    "minResTime" : 2.0,
    "maxResTime" : 208.0,
    "pct1ResTime" : 68.90000000000055,
    "pct2ResTime" : 90.0,
    "pct3ResTime" : 134.0,
    "throughput" : 327.76138970829237,
    "receivedKBytesPerSec" : 326.54995288430024,
    "sentKBytesPerSec" : 69.45724762372993
  },
  "HTTP Request - POST /hammock/update" : {
    "transaction" : "HTTP Request - POST /hammock/update",
    "sampleCount" : 5000,
    "errorCount" : 5000,
    "errorPct" : 100.0,
    "meanResTime" : 23.54640000000001,
    "medianResTime" : 18.0,
    "minResTime" : 1.0,
    "maxResTime" : 154.0,
    "pct1ResTime" : 50.0,
    "pct2ResTime" : 62.0,
    "pct3ResTime" : 102.0,
    "throughput" : 327.67547021429976,
    "receivedKBytesPerSec" : 250.23654073006094,
    "sentKBytesPerSec" : 88.95877023396028
  },
  "Total" : {
    "transaction" : "Total",
    "sampleCount" : 25000,
    "errorCount" : 25000,
    "errorPct" : 100.0,
    "meanResTime" : 28.537519999999798,
    "medianResTime" : 23.0,
    "minResTime" : 1.0,
    "maxResTime" : 223.0,
    "pct1ResTime" : 64.90000000000146,
    "pct2ResTime" : 84.0,
    "pct3ResTime" : 130.0,
    "throughput" : 1625.0650026001042,
    "receivedKBytesPerSec" : 1479.5789634319747,
    "sentKBytesPerSec" : 321.52164992849714
  },
  "HTTP Request - GET /hammock/find/1" : {
    "transaction" : "HTTP Request - GET /hammock/find/1",
    "sampleCount" : 5000,
    "errorCount" : 5000,
    "errorPct" : 100.0,
    "meanResTime" : 31.51180000000002,
    "medianResTime" : 23.0,
    "minResTime" : 2.0,
    "maxResTime" : 223.0,
    "pct1ResTime" : 67.0,
    "pct2ResTime" : 87.0,
    "pct3ResTime" : 139.0,
    "throughput" : 327.2037170342255,
    "receivedKBytesPerSec" : 333.98194653491265,
    "sentKBytesPerSec" : 41.539534389110656
  },
  "HTTP Request - POST /hammock/add" : {
    "transaction" : "HTTP Request - POST /hammock/add",
    "sampleCount" : 5000,
    "errorCount" : 5000,
    "errorPct" : 100.0,
    "meanResTime" : 24.049799999999923,
    "medianResTime" : 19.0,
    "minResTime" : 1.0,
    "maxResTime" : 165.0,
    "pct1ResTime" : 50.0,
    "pct2ResTime" : 61.0,
    "pct3ResTime" : 95.0,
    "throughput" : 327.2679670113889,
    "receivedKBytesPerSec" : 248.96654912292183,
    "sentKBytesPerSec" : 83.41497987302003
  }
}